<?xml version="1.0" encoding="UTF-8"?>
<!--DOCTYPE proxool-config PUBLIC "//UNKNOWN/" "proxool.dtd" -->
<!-- the proxool configuration can be embedded within your own application's. 
	Anything outside the "proxool" tag is ignored. -->
<proxool-config>
	<proxool>
		<alias>dbpool</alias>
		
		<!-- 开发库 start	-->
			 
	<!-- 	<driver-url>jdbc:mysql://rm-2ze8jw92bsr517984o.mysql.rds.aliyuncs.com/tmcrm_test?characterEncoding=utf8</driver-url>
		<driver-url>jdbc:mysql://rm-2ze8jw92bsr517984.mysql.rds.aliyuncs.com/tmcrm_test?characterEncoding=utf8</driver-url>		
		<driver-class>com.mysql.jdbc.Driver</driver-class>
		<driver-properties>
		 <property name="user" value="tmcrm_test" />
		 <property name="password" value="apJFwMls*(dxAjxC" />
		</driver-properties> -->
		
		
		<driver-url>jdbc:mysql://localhost:3306/tourmade_crm_local?characterEncoding=utf8</driver-url>
		<driver-class>com.mysql.jdbc.Driver</driver-class>
		<driver-properties>
		 <property name="user" value="root" />
		 <property name="password" value="111111" />
		</driver-properties>
		
		<!-- 开发库 end -->

		 <property name="simultaneousBuildThrottle" value="200" />
		<house-keeping-test-sql>select CURRENT_DATE</house-keeping-test-sql>
		<maximum-connection-count>400</maximum-connection-count>
		<minimum-connection-count>5</minimum-connection-count>
		<maximum-connection-lifetime>18000000</maximum-connection-lifetime>
	</proxool>
</proxool-config>